{
    "levelId": 1,
    "backgroundCam": {
        "x": 0.0,
        "y": 1.0,
        "z": -1000.0
    },
    "player": {
        "x": 0.0,
        "y": 0.0,
        "z": 0.0
    },
    "startPlatform": {
        "x": 0.0,
        "y": 0.0,
        "z": 0.0
    },
    "endPlatform": {
        "x": 0.0,
        "y": 0.0,
        "z": 107.70999908447266
    },
    "allRoads": [
        {
            "x": 0.0,
            "y": 0.0,
            "z": 6.220001220703125
        }
    ],
    "allBalls": [
        {
            "position": {
                "x": -1.029998779296875,
                "y": 0.0,
                "z": 6.050000190734863
            },
            "amount": 1
        }
    ],
    "allWalls": [
        {
            "type": "AllWalls",
            "position": {
                "x": -0.0200042724609375,
                "y": 0.0,
                "z": 12.229999542236329
            }
        }
    ],
    "allCoins": [
        {
            "x": -0.470001220703125,
            "y": 0.0,
            "z": 1.350000023841858
        }
    ]
}